{
  "KinectAzure": {
    "main":{
      "data_case_path":"dataset/human_SMAL",
      "data_root_path_window":"H:/dataset/human_SMAL"
    },
    "parameter": {
      "d_c_extrinsic": [
        1.000000,
        -0.000112,
        -0.000688,
        -0.032022171,
        0.000169,
        0.996550,
        0.082990,
        -0.002428453,
        0.000676,
        -0.082990,
        0.996550,
        0.003965077
      ],
      "color_intrinsic": {
        "fx": 1938.724609,
        "fy": 1938.199463,
        "cx": 1139.406738,
        "cy": 962.019043,
        "width": 1996,
        "height": 2072
      },
      "depth_intrinsic": {
        "fx": 504.134888,
        "fy": 504.187561,
        "cx": 323.061829,
        "cy": 327.123474,
        "width": 640,
        "height": 576,
        "maxrange": 2.8
      }
    },
    "renderer": {
      "rendering_spots": {
        "1c": [ 1.000000, 0.000000, 0.000000, 0.000000, 0.000000, 1.000000, 0.000000, 0.000000, 0.000000, 0.000000, 1.000000, 0.000000, 0.000000, 0.000000, 0.000000, 1.000000 ],
        "2c": [ 0.786488, 0.186424, -0.588797, 0.000000, 0.174066, -0.981615, -0.078288, 0.000000, -0.592569, -0.040917, -0.804482, 0.000000, 0.118705, -0.574256, -1.000589, 1.000000 ],
        "3c": [ 0.982610, 0.042822, 0.180662, 0.000000, 0.009109, -0.982985, 0.183452, 0.000000, 0.185444, -0.178616, -0.966285, 0.000000, 0.051493, -0.334063, -0.704397, 1.000000 ],
        "4c": [ 0.624310, -0.111291, 0.773208, 0.000000, -0.286360, -0.953502, 0.093973, 0.000000, 0.726798, -0.280084, -0.627152, 0.000000, -0.037932, -0.707142, -0.436207, 1.000000 ],
        "5c": [ 0.999995, 0.000094, 0.003060, 0.000000, -0.000016, -0.999356, 0.035884, 0.000000, 0.003061, -0.035884, -0.999351, 0.000000, -0.018458, 0.032223, -2.280999, 1.000000 ],
        "6c": [ 0.935017, 0.067252, 0.348168, 0.000000, -0.094926, 0.993484, 0.063025, 0.000000, -0.341662, -0.091981, 0.935310, 0.000000, 0.104452, -0.826626, 0.006363, 1.000000 ],
        "7c": [ 0.935017, 0.067252, 0.348168, 0.000000, -0.094926, 0.993484, 0.063025, 0.000000, -0.341662, -0.091981, 0.935310, 0.000000, 0.104452, -0.826626, 0.006363, 1.000000 ],
        "8c": [ 0.948894, 0.060358, 0.309767, 0.000000, -0.002670, 0.983040, -0.183365, 0.000000, -0.315581, 0.173166, 0.932961, 0.000000, 0.187689, -0.111430, -0.755938, 1.000000 ],
        "9c": [ 0.948894, 0.060358, 0.309767, 0.000000, -0.002670, 0.983040, -0.183365, 0.000000, -0.315581, 0.173166, 0.932961, 0.000000, 0.187689, -0.111430, -0.755938, 1.000000 ],
        "0c": [ -0.621197, -0.614016, 0.486928, 0.000000, -0.774553, 0.386637, -0.500580, 0.000000, 0.119100, -0.688108, -0.715760, 0.000000, -0.218448, -1.234539, -3.380317, 1.000000 ],
        "1o": [ 1.000000, 0.000000, 0.000000, 0.000000, 0.000000, 1.000000, 0.000000, 0.000000, 0.000000, 0.000000, 1.000000, 0.000000, 0.000000, 0.000000, 0.000000, 1.000000 ],
        "2o": [ 1.000000, 0.000000, 0.000000, 0.000000, 0.000000, 1.000000, 0.000000, 0.000000, 0.000000, 0.000000, 1.000000, 0.000000, 0.000000, 0.000000, 0.000000, 1.000000 ],
        "3o": [ 0.986611, 0.014195, 0.162472, 0.000000, -0.020081, 0.999198, 0.034645, 0.000000, -0.161850, -0.037444, 0.986105, 0.000000, 0.000000, 0.000000, 0.000000, 1.000000 ],
        "4o": [ 1.000000, 0.000000, 0.000000, 0.000000, 0.000000, 1.000000, 0.000000, 0.000000, 0.000000, 0.000000, 1.000000, 0.000000, 0.000000, 0.000000, 0.000000, 1.000000 ],
        "5o": [ 0.214083, 0.530896, -0.819948, 0.000000, -0.201908, 0.845331, 0.494616, 0.000000, 0.955720, 0.059666, 0.288163, 0.000000, 0.000000, 0.000000, 0.000000, 1.000000 ],
        "6o": [ 0.972390, -0.066260, -0.223740, 0.000000, 0.011398, -0.944203, 0.329160, 0.000000, -0.233066, -0.322624, -0.917384, 0.000000, -0.294934, 0.295450, -0.775550, 1.000000 ],
        "7o": [ 0.922147, -0.115325, 0.369240, 0.000000, -0.213051, -0.948120, 0.235951, 0.000000, 0.322873, -0.296250, -0.898881, 0.000000, -0.294934, 0.295450, -0.775550, 1.000000 ],
        "8o": [ 0.974092, -0.035800, -0.223282, 0.000000, -0.085950, -0.971898, -0.219140, 0.000000, -0.209163, 0.232654, -0.949799, 0.000000, -0.433906, 0.301579, -0.812317, 1.000000 ],
        "9o": [ 0.974092, -0.035800, -0.223282, 0.000000, -0.085950, -0.971898, -0.219140, 0.000000, -0.209163, 0.232654, -0.949799, 0.000000, -0.433906, 0.301579, -0.812317, 1.000000 ],
        "0o": [ -0.699442, -0.684189, 0.206543, 0.000000, 0.641508, -0.473646, 0.603426, 0.000000, -0.315030, 0.554563, 0.770203, 0.000000, -0.339723, -0.255413, -1.631410, 1.000000 ]
      }
    },
    "any": {
      "unit_test_simple": false,
      "unit_test": false
    }
  },
  "KinectAzure_1107": {
    "main":{
      "data_case_path":"dataset/1107/human_SMAL",
      "data_root_path_window":"H:/dataset/1107/human_SMAL"
    },
    "parameter": {
      "d_c_extrinsic": [
        0.99999051,
        0.00310422,
        0.00305665,
        -0.03205946,
        -0.00336361,
        0.99603717,
        0.08887434,
        -0.00201043,
        -0.00276865,
        -0.08888377,
        0.99603816,
        0.00491089
      ],
      "color_intrinsic": {
        "fx": 1967.659546,
        "fy": 1967.138428,
        "cx": 962.266113,
        "cy": 1104.126221,
        "width": 1896,
        "height": 2172
      },
      "depth_intrinsic": {
        "fx": 504.56765674,
        "fy": 504.43087822,
        "cx": 330.78073102,
        "cy": 337.83965518,
        "width": 640,
        "height": 576
      }
    },
    "renderer": {
      "rendering_spots": {
        "1c": [ 1.000000, 0.000000, 0.000000, 0.000000, 0.000000, 1.000000, 0.000000, 0.000000, 0.000000, 0.000000, 1.000000, 0.000000, 0.000000, 0.000000, 0.000000, 1.000000 ],
        "2c": [ 0.786488, 0.186424, -0.588797, 0.000000, 0.174066, -0.981615, -0.078288, 0.000000, -0.592569, -0.040917, -0.804482, 0.000000, 0.118705, -0.574256, -1.000589, 1.000000 ],
        "3c": [ 0.982610, 0.042822, 0.180662, 0.000000, 0.009109, -0.982985, 0.183452, 0.000000, 0.185444, -0.178616, -0.966285, 0.000000, 0.051493, -0.334063, -0.704397, 1.000000 ],
        "4c": [ 0.624310, -0.111291, 0.773208, 0.000000, -0.286360, -0.953502, 0.093973, 0.000000, 0.726798, -0.280084, -0.627152, 0.000000, -0.037932, -0.707142, -0.436207, 1.000000 ],
        "5c": [ 0.999995, 0.000094, 0.003060, 0.000000, -0.000016, -0.999356, 0.035884, 0.000000, 0.003061, -0.035884, -0.999351, 0.000000, -0.018458, 0.032223, -2.280999, 1.000000 ],
        "6c": [ 0.935017, 0.067252, 0.348168, 0.000000, -0.094926, 0.993484, 0.063025, 0.000000, -0.341662, -0.091981, 0.935310, 0.000000, 0.104452, -0.826626, 0.006363, 1.000000 ],
        "7c": [ 0.935017, 0.067252, 0.348168, 0.000000, -0.094926, 0.993484, 0.063025, 0.000000, -0.341662, -0.091981, 0.935310, 0.000000, 0.104452, -0.826626, 0.006363, 1.000000 ],
        "8c": [ 0.948894, 0.060358, 0.309767, 0.000000, -0.002670, 0.983040, -0.183365, 0.000000, -0.315581, 0.173166, 0.932961, 0.000000, 0.187689, -0.111430, -0.755938, 1.000000 ],
        "9c": [ 0.948894, 0.060358, 0.309767, 0.000000, -0.002670, 0.983040, -0.183365, 0.000000, -0.315581, 0.173166, 0.932961, 0.000000, 0.187689, -0.111430, -0.755938, 1.000000 ],
        "0c": [ -0.621197, -0.614016, 0.486928, 0.000000, -0.774553, 0.386637, -0.500580, 0.000000, 0.119100, -0.688108, -0.715760, 0.000000, -0.218448, -1.234539, -3.380317, 1.000000 ],
        "1o": [ 1.000000, 0.000000, 0.000000, 0.000000, 0.000000, 1.000000, 0.000000, 0.000000, 0.000000, 0.000000, 1.000000, 0.000000, 0.000000, 0.000000, 0.000000, 1.000000 ],
        "2o": [ 1.000000, 0.000000, 0.000000, 0.000000, 0.000000, 1.000000, 0.000000, 0.000000, 0.000000, 0.000000, 1.000000, 0.000000, 0.000000, 0.000000, 0.000000, 1.000000 ],
        "3o": [ 0.986611, 0.014195, 0.162472, 0.000000, -0.020081, 0.999198, 0.034645, 0.000000, -0.161850, -0.037444, 0.986105, 0.000000, 0.000000, 0.000000, 0.000000, 1.000000 ],